faceimages\faces\night\night_up_happy_sunglasses.pgm
faceimages\faces\choon\choon_up_angry_open.pgm
faceimages\faces\cheyer\cheyer_left_angry_sunglasses.pgm
faceimages\faces\phoebe\phoebe_right_angry_sunglasses.pgm
faceimages\faces\mitchell\mitchell_right_neutral_sunglasses.pgm
faceimages\faces\sz24\sz24_straight_happy_open.pgm
faceimages\faces\karyadi\karyadi_left_sad_sunglasses.pgm
faceimages\faces\ch4f\ch4f_straight_sad_open.pgm
faceimages\faces\karyadi\karyadi_straight_sad_sunglasses.pgm
faceimages\faces\sz24\sz24_up_happy_open.pgm
faceimages\faces\cheyer\cheyer_right_neutral_open.pgm
faceimages\faces\choon\choon_left_angry_open.pgm
faceimages\faces\an2i\an2i_straight_angry_open.pgm
faceimages\faces\bpm\bpm_straight_neutral_open.pgm
faceimages\faces\cheyer\cheyer_straight_angry_sunglasses.pgm
faceimages\faces\glickman\glickman_up_angry_sunglasses.pgm
faceimages\faces\night\night_right_neutral_sunglasses.pgm
faceimages\faces\at33\at33_up_happy_sunglasses.pgm
faceimages\faces\tammo\tammo_straight_sad_sunglasses.pgm
faceimages\faces\boland\boland_straight_happy_open.pgm
faceimages\faces\bpm\bpm_left_angry_sunglasses.pgm
faceimages\faces\kawamura\kawamura_up_angry_sunglasses.pgm
faceimages\faces\an2i\an2i_up_neutral_sunglasses.pgm
faceimages\faces\night\night_left_happy_sunglasses.pgm
faceimages\faces\cheyer\cheyer_right_angry_sunglasses.pgm
faceimages\faces\megak\megak_up_happy_sunglasses.pgm
faceimages\faces\glickman\glickman_left_neutral_open.pgm
faceimages\faces\ch4f\ch4f_straight_angry_sunglasses.pgm
faceimages\faces\an2i\an2i_straight_happy_open.pgm
faceimages\faces\mitchell\mitchell_left_happy_open.pgm
faceimages\faces\night\night_right_sad_open.pgm
faceimages\faces\steffi\steffi_up_sad_sunglasses.pgm
faceimages\faces\saavik\saavik_up_happy_open.pgm
faceimages\faces\boland\boland_straight_angry_open.pgm
faceimages\faces\steffi\steffi_up_happy_sunglasses.pgm
faceimages\faces\megak\megak_straight_neutral_open.pgm
faceimages\faces\saavik\saavik_right_neutral_open.pgm
faceimages\faces\at33\at33_right_neutral_sunglasses.pgm
faceimages\faces\choon\choon_up_happy_sunglasses.pgm
faceimages\faces\kawamura\kawamura_left_sad_sunglasses.pgm
faceimages\faces\danieln\danieln_straight_sad_open.pgm
faceimages\faces\glickman\glickman_right_neutral_sunglasses.pgm
faceimages\faces\mitchell\mitchell_left_angry_sunglasses.pgm
faceimages\faces\saavik\saavik_straight_angry_sunglasses.pgm
faceimages\faces\steffi\steffi_up_angry_sunglasses.pgm
faceimages\faces\steffi\steffi_up_neutral_open.pgm
faceimages\faces\steffi\steffi_up_neutral_sunglasses.pgm
faceimages\faces\choon\choon_left_neutral_open.pgm
faceimages\faces\karyadi\karyadi_straight_neutral_open.pgm
faceimages\faces\steffi\steffi_left_neutral_open.pgm
faceimages\faces\an2i\an2i_straight_happy_sunglasses.pgm
faceimages\faces\mitchell\mitchell_up_angry_sunglasses.pgm
faceimages\faces\an2i\an2i_up_sad_open.pgm
faceimages\faces\at33\at33_up_angry_sunglasses.pgm
faceimages\faces\bpm\bpm_straight_sad_open.pgm
faceimages\faces\ch4f\ch4f_straight_happy_open.pgm
faceimages\faces\cheyer\cheyer_straight_happy_open.pgm
faceimages\faces\kk49\kk49_up_happy_sunglasses.pgm
faceimages\faces\choon\choon_left_sad_sunglasses.pgm
faceimages\faces\sz24\sz24_straight_neutral_open.pgm
faceimages\faces\ch4f\ch4f_up_neutral_open.pgm
faceimages\faces\glickman\glickman_up_happy_sunglasses.pgm
faceimages\faces\glickman\glickman_right_neutral_open.pgm
faceimages\faces\phoebe\phoebe_straight_angry_open.pgm
faceimages\faces\ch4f\ch4f_up_happy_open.pgm
faceimages\faces\at33\at33_right_neutral_open.pgm
faceimages\faces\danieln\danieln_left_sad_open.pgm
faceimages\faces\kk49\kk49_left_sad_sunglasses.pgm
faceimages\faces\at33\at33_up_sad_open.pgm
faceimages\faces\tammo\tammo_up_happy_open.pgm
faceimages\faces\choon\choon_right_sad_open.pgm
faceimages\faces\bpm\bpm_up_neutral_sunglasses.pgm
faceimages\faces\kawamura\kawamura_right_sad_open.pgm
faceimages\faces\karyadi\karyadi_up_happy_open.pgm
faceimages\faces\boland\boland_right_sad_sunglasses.pgm
faceimages\faces\at33\at33_left_sad_sunglasses.pgm
faceimages\faces\steffi\steffi_straight_angry_sunglasses.pgm
faceimages\faces\karyadi\karyadi_up_sad_open.pgm
faceimages\faces\night\night_straight_angry_open.pgm
faceimages\faces\karyadi\karyadi_right_sad_sunglasses.pgm
faceimages\faces\sz24\sz24_right_sad_open.pgm
faceimages\faces\kk49\kk49_left_neutral_open.pgm
faceimages\faces\at33\at33_up_happy_open.pgm
faceimages\faces\kk49\kk49_up_neutral_sunglasses.pgm
faceimages\faces\saavik\saavik_straight_angry_open.pgm
faceimages\faces\sz24\sz24_right_sad_sunglasses.pgm
faceimages\faces\phoebe\phoebe_straight_happy_sunglasses.pgm
faceimages\faces\danieln\danieln_up_sad_sunglasses.pgm
faceimages\faces\an2i\an2i_up_sad_sunglasses.pgm
faceimages\faces\kawamura\kawamura_straight_neutral_sunglasses.pgm
faceimages\faces\phoebe\phoebe_right_neutral_sunglasses.pgm
faceimages\faces\cheyer\cheyer_left_happy_sunglasses.pgm
faceimages\faces\ch4f\ch4f_right_sad_open.pgm
faceimages\faces\mitchell\mitchell_left_neutral_sunglasses.pgm
faceimages\faces\mitchell\mitchell_right_sad_sunglasses.pgm
faceimages\faces\cheyer\cheyer_up_neutral_sunglasses.pgm
faceimages\faces\kawamura\kawamura_up_neutral_sunglasses.pgm
faceimages\faces\steffi\steffi_left_neutral_sunglasses.pgm
faceimages\faces\glickman\glickman_right_happy_open.pgm
faceimages\faces\cheyer\cheyer_straight_neutral_open.pgm
faceimages\faces\megak\megak_left_happy_open.pgm
faceimages\faces\an2i\an2i_straight_neutral_open.pgm
faceimages\faces\at33\at33_left_neutral_sunglasses.pgm
faceimages\faces\cheyer\cheyer_right_angry_open.pgm
faceimages\faces\kk49\kk49_straight_happy_open.pgm
faceimages\faces\sz24\sz24_left_angry_sunglasses.pgm
faceimages\faces\glickman\glickman_left_sad_open.pgm
faceimages\faces\tammo\tammo_left_angry_open.pgm
faceimages\faces\an2i\an2i_left_happy_open.pgm
faceimages\faces\phoebe\phoebe_left_happy_open.pgm
faceimages\faces\glickman\glickman_right_happy_sunglasses.pgm
faceimages\faces\choon\choon_right_sad_sunglasses.pgm
faceimages\faces\choon\choon_straight_happy_open.pgm
faceimages\faces\night\night_right_sad_sunglasses.pgm
faceimages\faces\tammo\tammo_left_happy_sunglasses.pgm
faceimages\faces\karyadi\karyadi_left_sad_open.pgm
faceimages\faces\karyadi\karyadi_up_sad_sunglasses.pgm
faceimages\faces\kk49\kk49_right_sad_sunglasses.pgm
faceimages\faces\bpm\bpm_left_happy_open.pgm
faceimages\faces\choon\choon_straight_angry_open.pgm
faceimages\faces\glickman\glickman_up_sad_sunglasses.pgm
faceimages\faces\phoebe\phoebe_left_neutral_sunglasses.pgm
faceimages\faces\steffi\steffi_straight_angry_open.pgm
faceimages\faces\ch4f\ch4f_straight_happy_sunglasses.pgm
faceimages\faces\megak\megak_left_happy_sunglasses.pgm
faceimages\faces\an2i\an2i_up_angry_sunglasses.pgm
faceimages\faces\sz24\sz24_left_sad_open.pgm
faceimages\faces\bpm\bpm_straight_neutral_sunglasses.pgm
faceimages\faces\sz24\sz24_left_sad_sunglasses.pgm
faceimages\faces\kawamura\kawamura_straight_sad_sunglasses.pgm
faceimages\faces\steffi\steffi_right_neutral_sunglasses.pgm
faceimages\faces\kk49\kk49_straight_neutral_sunglasses.pgm
faceimages\faces\mitchell\mitchell_up_happy_open.pgm
faceimages\faces\mitchell\mitchell_straight_angry_sunglasses.pgm
faceimages\faces\danieln\danieln_up_sad_open.pgm
faceimages\faces\glickman\glickman_straight_angry_sunglasses.pgm
faceimages\faces\choon\choon_up_sad_open.pgm
faceimages\faces\sz24\sz24_straight_angry_sunglasses.pgm
faceimages\faces\cheyer\cheyer_up_neutral_open.pgm
